{
    "mean_squared_error": 287.6857646832003,
    "r2_score": 0.38759063670923755,
    "feature_importances": {
        "year": 0.03724176499956914,
        "month": 0.47000776836579694,
        "day": 0.1267904511861022,
        "hour": 0.2204756051780635,
        "minute": 0.14548441027046838
    }
}